Name;Earnings
Rock;826.650000000006
Latin;382.140000000002
Metal;261.360000000001
Alternative & Punk;241.560000000001
TV Shows;93.5299999999999
Jazz;79.2
Blues;60.39
Drama;57.71
R&B/Soul;40.59
Classical;40.59
